date,patch,comp,role,priority,source_tier,metrics_status,avg_place,top4_rate,top1_rate,pick_rate,contest_risk,difficulty,item_dependency,flexibility,player_familiarity_default,weighted_score_seed,core_units,core_items,play_conditions,avoid_conditions,god_preference,pivot_notes,sources
2026-04-28,17.1/17.1B,新星九五,主力运营,A,"JinChanChan T0; 17173 17.1B T0.5",TBD,TBD,TBD,TBD,TBD,High,Medium,Medium,High,3,88,"剑魔|阿卡丽|大树|塔姆|剑姬|慎|莫甘娜|男枪|薇古丝","男枪/剑姬: 水银或夜刃+巨杀+血手; 薇古丝: 羊刀+增伤+科技枪; 塔姆/努努: 日炎+狂徒+板甲","经济好; 连胜; 血量高; 有上8/9节奏","低血量; 无前排; 4阶段无法到高等级; 同行过多","领先选经济/上限; 落后选即时战力","可转薇古丝九五或其他高费拼","https://jinchanchan.fun/articles/8cbd9ccc-f353-4eea-8287-1f25f43ea480 | https://news.17173.com/content/04212026/161700039.shtml"
2026-04-28,17.1/17.1B,重装妖姬,主力运营,A-,"JinChanChan T0; 17173 17.1B T1中档; Dadighost 2026-04-27 guide",TBD,TBD,TBD,TBD,TBD,Medium,Medium,High,Medium,3,82,"妖姬|卡尔玛|努努|俄洛伊|小木灵|铁男|佐伊|蕾欧娜","妖姬: 羊刀+法爆+大天使; 卡尔玛: 青龙刀+虚空杖+法爆; 努努: 狂徒+冰甲+冕卫; 俄洛伊: 日炎","法系装; 8级能D体系4费二星; 前期能稳血或经济好","无AP装; 妖姬/卡尔玛被多人卡; 4-2经济过差","维鲁斯优先; 其次艾克/阿狸/亚索","可转薇古丝九五或重装娜美","https://www.dadighost.com/help/73873.html | https://jinchanchan.fun/articles/8cbd9ccc-f353-4eea-8287-1f25f43ea480"
2026-04-28,17.1/17.1B,木灵飞机,高上限运营,B+,"JinChanChan T0; generic S17 guides mention Woodling Corki",TBD,TBD,TBD,TBD,TBD,Medium,Medium,Medium,Medium,2,78,"库奇|拉莫斯|锐雯|巴德|菲兹|小木灵|米利欧|纳尔|波比","库奇: 法爆+无尽+正义/蓝BUFF; 拉莫斯: 冕卫+日炎+板甲; 锐雯: 饮血+破甲弓","3木灵开; 经济强化; 4-2能上8; 体系牌多","无木灵基础; HP太低; 同行抢四费; 无法二星主C主T","优先经济/复制器/装备类支持","可转机甲Flex或其他四费拼","https://jinchanchan.fun/articles/8cbd9ccc-f353-4eea-8287-1f25f43ea480 | https://m.fanqieupan.net/news/55613.html"
2026-04-28,17.1/17.1B,机甲Flex,稳定兜底,B+,"JinChanChan T2; 17173 17.1B T1靠前特色机甲",TBD,TBD,TBD,TBD,TBD,Medium,Medium,Medium,High,2,76,"厄加特|维克托|加里奥|塔姆|剑圣|龙王|卡尔玛","龙王: 法爆+帽子+破防/虚空杖; 加里奥: 板甲+血手+泰坦/冰甲; 副C按装备给剑圣或卡尔玛","法装+肉装; 需要4阶段锁血; 拿到光装/神器/幻灵装备","没有前排质量; 没有可用主C装备","亚索/凯尔优先; 其次艾克","可转重装妖姬/薇古丝九五/太空律动转","https://jinchanchan.fun/articles/8cbd9ccc-f353-4eea-8287-1f25f43ea480 | https://news.17173.com/content/04212026/161700039.shtml"
2026-04-28,17.1/17.1B,太空律动转,转职上限,A-,"17173 17.1B T0.5 律动锐雯; JinChanChan T1",TBD,TBD,TBD,TBD,TBD,High,Medium,Medium,Medium,2,84,"锐雯|慎|未来战士/律动体系|高费补强","锐雯: 饮血+泰坦+羊刀/无尽/巨杀; 慎: 狂徒+板甲+龙牙","有太空律动转; 有铲/转职; 锐雯装备好","无转职时降级; 同行多; 锐雯无法二星","有转职时优先上限/战力","无转职可转机甲Flex或四费拼","https://news.17173.com/content/04212026/161700039.shtml | https://jinchanchan.fun/articles/8cbd9ccc-f353-4eea-8287-1f25f43ea480"
2026-04-28,17.1/17.1B,海魔大卑,条件赌阵,B,"JinChanChan T0赌狗; 17173 17.1B T1靠前",TBD,TBD,TBD,TBD,TBD,Medium,Simple,Medium,Medium,2,74,"雷克赛|贝蕾亚|剑魔|女警|阿卡丽|大卑|大树|千珏","大卑: 海妖+水银+巨杀; 阿卡丽: 正义+夜刃+无尽; 雷克赛: 日炎+肉装","3海魔/NOVA胡; 装备对; 同行少; 3-2能D出二星核心","开局不胡; 装备不对; 3阶段D不出二星核心","按局势选即时战力或经济","可转新星转战士/其他NOVA线","https://jinchanchan.fun/articles/8cbd9ccc-f353-4eea-8287-1f25f43ea480 | https://news.17173.com/content/04212026/161700039.shtml"
2026-04-28,17.1/17.1B,牧羊维克托,条件AP阵,B+,"17173 17.1B T0.5; JinChanChan T2",TBD,TBD,TBD,TBD,TBD,Medium,Medium,High,Medium,2,78,"冰女|铁男|小木灵|派克|俄洛伊|拉亚斯特|维克托|娜美","维克托: 法爆+大天使+无人机/帽子/破防; 俄洛伊: 板甲+冰甲+狂徒; 娜美: 虚空杖+法爆+青龙刀","有维克托装备/灵能装备; 前排来得早; 同行少","无维克托; 无AP输出装; 前排弱","维鲁斯优先","可转机甲Flex/重装妖姬","https://news.17173.com/content/04212026/161700039.shtml | https://jinchanchan.fun/articles/8cbd9ccc-f353-4eea-8287-1f25f43ea480"
2026-04-28,17.1/17.1B,幻灵阿萝拉,高风险武器,C+,"JinChanChan T0; 17173开服T1中档",TBD,TBD,TBD,TBD,TBD,Medium,Medium,High,Low,1,68,"蕾欧娜|小木灵|金克丝|俄洛伊|皎月|阿萝拉|妖姬","阿萝拉: 法爆+纳什+炽烈短弓/破防; 俄洛伊: 板甲+振奋; 皎月: 饮血+泰坦+羊刀","开局3幻灵; 3-2前明确连败; 装备合适; 需要冲上限","普通积分局; 无连败节奏; 收菜阈值不清; HP不足","索拉卡/维鲁斯/凯尔较优; 避免差支持时强玩","收菜后转稳血，不继续贪娱乐","https://jinchanchan.fun/articles/8cbd9ccc-f353-4eea-8287-1f25f43ea480 | https://news.17173.com/content/04162026/140138000.shtml"
2026-04-28,17.1/17.1B,木灵小法师,观察阵容/条件运营,C+,"Youxia one-page comp; tactics.tools Veigar unit data; MetaBot Veigar data; personal sample 1st",partial_unit_data,4.51,48.0,14.5,0.27,Low,Medium,High,Medium,2,72,"波比|小法师|库奇|拉莫斯|巴德|卡尔玛|菲兹|小木灵|丽桑卓","小法师: 纳什+法爆+青龙刀; 库奇: 轻语+杀人剑+破防者; 拉莫斯: 日炎+反甲+离子","开局小法多; 有宝宝学院/微型妮蔻/复制器; 木灵体系牌自然; 8级能搜7木灵; 同行少","4-2搜不出7木灵框架; 装备偏物理; 拉莫斯/库奇不能二星; 同行抢木灵小法或木灵飞机","韦鲁斯首选; 凯尔补装备; 亚索/艾克看格子和突变; 索拉卡低血止损; 不优先伊芙琳/阿狸/龙王","小法不胡转木灵飞机; 法装多可转重装妖姬; 8级质量差转机甲Flex","https://m.ali213.net/news/gl2604/1764317.html | https://tactics.tools/units/veigar/top | https://tactics.tools/info/units/veigar | https://metabot.gg/en/TFT/unit/TFT17_Veigar/overview | docs/comps/木灵小法师.md"
